{
  "hours_mean": 13.776238537054583,
  "hours_std": 12.556193846908139,
  "ip_mean": 0.506499845777702,
  "ip_std": 0.1359638126041481
}